observation_month,competitor_id,competitor_name,competitor_type,region,mechanic,our_equivalent_scheme,offer_description,discount_depth_pct,offer_value_inr,validity_days,repair_credit_inr,channel,market_reach_pct,source_type,confidence
2026-01,COMP-A,Competitor A,National multi-brand chain,North,Percentage service discount,10% Service Discount,15% off periodic service,16.5,1140,30,0,In-store,28,Public price list,High
2026-01,COMP-A,Competitor A,National multi-brand chain,North,Fixed-value voucher,₹500 Discount Voucher,"₹750 voucher on next service, 90-day validity",11,760,90,0,In-store,29,Public price list,High
2026-01,COMP-A,Competitor A,National multi-brand chain,North,Free inspection,Free Engine Check,Free 30-point check with ₹500 repair credit,6.8,470,30,500,In-store,30,Public price list,High
2026-01,COMP-A,Competitor A,National multi-brand chain,North,Service bundle,Service + Car Wash Bundle,Service + wash + interior clean bundle,14.7,1020,30,0,In-store,32,Public price list,High
2026-01,COMP-A,Competitor A,National multi-brand chain,South,Percentage service discount,10% Service Discount,15% off periodic service,19,1310,30,0,In-store,35,Public price list,High
2026-01,COMP-A,Competitor A,National multi-brand chain,South,Fixed-value voucher,₹500 Discount Voucher,"₹750 voucher on next service, 90-day validity",12.3,850,90,0,In-store,35,Public price list,High
2026-01,COMP-A,Competitor A,National multi-brand chain,South,Free inspection,Free Engine Check,Free 30-point check with ₹500 repair credit,7.1,490,30,500,In-store,34,Public price list,High
2026-01,COMP-A,Competitor A,National multi-brand chain,South,Service bundle,Service + Car Wash Bundle,Service + wash + interior clean bundle,17.6,1220,30,0,In-store,36,Public price list,High
2026-01,COMP-A,Competitor A,National multi-brand chain,East,Percentage service discount,10% Service Discount,15% off periodic service,10.5,730,30,0,In-store,24,Public price list,High
2026-01,COMP-A,Competitor A,National multi-brand chain,East,Fixed-value voucher,₹500 Discount Voucher,"₹750 voucher on next service, 90-day validity",9.4,650,90,0,In-store,28,Public price list,High
2026-01,COMP-A,Competitor A,National multi-brand chain,East,Free inspection,Free Engine Check,Free 30-point check with ₹500 repair credit,5.6,390,30,500,In-store,24,Public price list,High
2026-01,COMP-A,Competitor A,National multi-brand chain,East,Service bundle,Service + Car Wash Bundle,Service + wash + interior clean bundle,9.7,670,30,0,In-store,24,Public price list,High
2026-01,COMP-A,Competitor A,National multi-brand chain,West,Percentage service discount,10% Service Discount,15% off periodic service,17.7,1230,30,0,In-store,32,Public price list,High
2026-01,COMP-A,Competitor A,National multi-brand chain,West,Fixed-value voucher,₹500 Discount Voucher,"₹750 voucher on next service, 90-day validity",11.7,810,90,0,In-store,33,Public price list,High
2026-01,COMP-A,Competitor A,National multi-brand chain,West,Free inspection,Free Engine Check,Free 30-point check with ₹500 repair credit,6.7,460,30,500,In-store,32,Public price list,High
2026-01,COMP-A,Competitor A,National multi-brand chain,West,Service bundle,Service + Car Wash Bundle,Service + wash + interior clean bundle,15.3,1060,30,0,In-store,30,Public price list,High
2026-01,COMP-A,Competitor A,National multi-brand chain,Central,Percentage service discount,10% Service Discount,15% off periodic service,14.5,1000,30,0,In-store,29,Public price list,High
2026-01,COMP-A,Competitor A,National multi-brand chain,Central,Fixed-value voucher,₹500 Discount Voucher,"₹750 voucher on next service, 90-day validity",10.3,710,90,0,In-store,27,Public price list,High
2026-01,COMP-A,Competitor A,National multi-brand chain,Central,Free inspection,Free Engine Check,Free 30-point check with ₹500 repair credit,6.4,440,30,500,In-store,29,Public price list,High
2026-01,COMP-A,Competitor A,National multi-brand chain,Central,Service bundle,Service + Car Wash Bundle,Service + wash + interior clean bundle,13.5,940,30,0,In-store,29,Public price list,High
2026-01,COMP-B,Competitor B,OEM-authorised network,North,Percentage service discount,10% Service Discount,8% off for out-of-warranty cars,8.6,590,30,0,In-store,34,Mystery shopper,Medium
2026-01,COMP-B,Competitor B,OEM-authorised network,North,Free add-on,Free Car Wash,Free wash with any paid service,5.4,370,30,0,In-store,29,Mystery shopper,Medium
2026-01,COMP-B,Competitor B,OEM-authorised network,North,Free inspection,Free Engine Check,Free health check + ₹500 repair credit,7.7,530,30,500,In-store,34,Mystery shopper,Medium
2026-01,COMP-B,Competitor B,OEM-authorised network,North,Service bundle,Service + Car Wash Bundle,Annual maintenance plan,10.1,700,365,0,In-store,34,Mystery shopper,Medium
2026-01,COMP-B,Competitor B,OEM-authorised network,South,Percentage service discount,10% Service Discount,8% off for out-of-warranty cars,9.6,670,30,0,In-store,36,Mystery shopper,Medium
2026-01,COMP-B,Competitor B,OEM-authorised network,South,Free add-on,Free Car Wash,Free wash with any paid service,5.6,390,30,0,In-store,31,Mystery shopper,Medium
2026-01,COMP-B,Competitor B,OEM-authorised network,South,Free inspection,Free Engine Check,Free health check + ₹500 repair credit,8.2,570,30,500,In-store,32,Mystery shopper,Medium
2026-01,COMP-B,Competitor B,OEM-authorised network,South,Service bundle,Service + Car Wash Bundle,Annual maintenance plan,11.5,790,365,0,In-store,35,Mystery shopper,Medium
2026-01,COMP-B,Competitor B,OEM-authorised network,East,Percentage service discount,10% Service Discount,8% off for out-of-warranty cars,5.4,380,30,0,In-store,25,Mystery shopper,Medium
2026-01,COMP-B,Competitor B,OEM-authorised network,East,Free add-on,Free Car Wash,Free wash with any paid service,4.2,290,30,0,In-store,27,Mystery shopper,Medium
2026-01,COMP-B,Competitor B,OEM-authorised network,East,Free inspection,Free Engine Check,Free health check + ₹500 repair credit,6.1,420,30,500,In-store,29,Mystery shopper,Medium
2026-01,COMP-B,Competitor B,OEM-authorised network,East,Service bundle,Service + Car Wash Bundle,Annual maintenance plan,6.1,420,365,0,In-store,26,Mystery shopper,Medium
2026-01,COMP-B,Competitor B,OEM-authorised network,West,Percentage service discount,10% Service Discount,8% off for out-of-warranty cars,8.9,620,30,0,In-store,30,Mystery shopper,Medium
2026-01,COMP-B,Competitor B,OEM-authorised network,West,Free add-on,Free Car Wash,Free wash with any paid service,5.4,370,30,0,In-store,32,Mystery shopper,Medium
2026-01,COMP-B,Competitor B,OEM-authorised network,West,Free inspection,Free Engine Check,Free health check + ₹500 repair credit,7.8,540,30,500,In-store,31,Mystery shopper,Medium
2026-01,COMP-B,Competitor B,OEM-authorised network,West,Service bundle,Service + Car Wash Bundle,Annual maintenance plan,10.5,720,365,0,In-store,33,Mystery shopper,Medium
2026-01,COMP-B,Competitor B,OEM-authorised network,Central,Percentage service discount,10% Service Discount,8% off for out-of-warranty cars,7.8,540,30,0,In-store,32,Mystery shopper,Medium
2026-01,COMP-B,Competitor B,OEM-authorised network,Central,Free add-on,Free Car Wash,Free wash with any paid service,5.1,350,30,0,In-store,30,Mystery shopper,Medium
2026-01,COMP-B,Competitor B,OEM-authorised network,Central,Free inspection,Free Engine Check,Free health check + ₹500 repair credit,7.1,490,30,500,In-store,31,Mystery shopper,Medium
2026-01,COMP-B,Competitor B,OEM-authorised network,Central,Service bundle,Service + Car Wash Bundle,Annual maintenance plan,8.8,610,365,0,In-store,30,Mystery shopper,Medium
2026-01,COMP-C,Competitor C,App-based service aggregator,North,Percentage service discount,10% Service Discount,First-booking 20% off in app,20.7,1430,30,0,App,29,App listing,High
2026-01,COMP-C,Competitor C,App-based service aggregator,North,Fixed-value voucher,₹500 Discount Voucher,"₹1,000 app wallet credit, 120-day validity",15.3,1060,120,0,App,31,App listing,High
2026-01,COMP-C,Competitor C,App-based service aggregator,North,Service bundle,Service + Car Wash Bundle,Service + wash combo at app-only price,16.7,1150,30,0,App,30,App listing,High
2026-01,COMP-C,Competitor C,App-based service aggregator,South,Percentage service discount,10% Service Discount,First-booking 20% off in app,25.8,1780,30,0,App,34,App listing,High
2026-01,COMP-C,Competitor C,App-based service aggregator,South,Fixed-value voucher,₹500 Discount Voucher,"₹1,000 app wallet credit, 120-day validity",15.6,1080,120,0,App,34,App listing,High
2026-01,COMP-C,Competitor C,App-based service aggregator,South,Service bundle,Service + Car Wash Bundle,Service + wash combo at app-only price,19.9,1380,30,0,App,34,App listing,High
2026-01,COMP-C,Competitor C,App-based service aggregator,West,Percentage service discount,10% Service Discount,First-booking 20% off in app,22.9,1580,30,0,App,34,App listing,High
2026-01,COMP-C,Competitor C,App-based service aggregator,West,Fixed-value voucher,₹500 Discount Voucher,"₹1,000 app wallet credit, 120-day validity",15.6,1080,120,0,App,29,App listing,High
2026-01,COMP-C,Competitor C,App-based service aggregator,West,Service bundle,Service + Car Wash Bundle,Service + wash combo at app-only price,18.2,1260,30,0,App,34,App listing,High
2026-01,COMP-D,Competitor D,Express service chain,South,Percentage service discount,10% Service Discount,12% off express service,15.1,1040,30,0,In-store,32,Mystery shopper,Medium
2026-01,COMP-D,Competitor D,Express service chain,South,Free add-on,Free Car Wash,Free wash with express service,5.5,380,30,0,In-store,34,Mystery shopper,Medium
2026-01,COMP-D,Competitor D,Express service chain,South,Fixed-value voucher,₹500 Discount Voucher,"₹600 voucher, 60-day validity",10,690,60,0,In-store,33,Mystery shopper,Medium
2026-01,COMP-D,Competitor D,Express service chain,West,Percentage service discount,10% Service Discount,12% off express service,13.7,950,30,0,In-store,30,Mystery shopper,Medium
2026-01,COMP-D,Competitor D,Express service chain,West,Free add-on,Free Car Wash,Free wash with express service,5.6,390,30,0,In-store,34,Mystery shopper,Medium
2026-01,COMP-D,Competitor D,Express service chain,West,Fixed-value voucher,₹500 Discount Voucher,"₹600 voucher, 60-day validity",9.6,660,60,0,In-store,29,Mystery shopper,Medium
2026-01,COMP-D,Competitor D,Express service chain,Central,Percentage service discount,10% Service Discount,12% off express service,11.6,800,30,0,In-store,28,Mystery shopper,Medium
2026-01,COMP-D,Competitor D,Express service chain,Central,Free add-on,Free Car Wash,Free wash with express service,5.1,350,30,0,In-store,27,Mystery shopper,Medium
2026-01,COMP-D,Competitor D,Express service chain,Central,Fixed-value voucher,₹500 Discount Voucher,"₹600 voucher, 60-day validity",8.5,590,60,0,In-store,30,Mystery shopper,Medium
2026-01,COMP-E,Competitor E,Regional independent garages,North,Percentage service discount,10% Service Discount,12% off labour charges,12.9,890,30,0,In-store,30,Public price list,Medium
2026-01,COMP-E,Competitor E,Regional independent garages,North,Free inspection,Free Engine Check,"Free check-up, no credit",4.3,300,30,0,In-store,29,Public price list,Medium
2026-01,COMP-E,Competitor E,Regional independent garages,North,Free add-on,Free Car Wash,Free basic wash,4.5,310,30,0,In-store,28,Public price list,Medium
2026-01,COMP-E,Competitor E,Regional independent garages,South,Percentage service discount,10% Service Discount,12% off labour charges,15.4,1070,30,0,In-store,35,Public price list,Medium
2026-01,COMP-E,Competitor E,Regional independent garages,South,Free inspection,Free Engine Check,"Free check-up, no credit",4.8,330,30,0,In-store,34,Public price list,Medium
2026-01,COMP-E,Competitor E,Regional independent garages,South,Free add-on,Free Car Wash,Free basic wash,5.1,350,30,0,In-store,31,Public price list,Medium
2026-01,COMP-E,Competitor E,Regional independent garages,East,Percentage service discount,10% Service Discount,12% off labour charges,8,560,30,0,In-store,24,Public price list,Medium
2026-01,COMP-E,Competitor E,Regional independent garages,East,Free inspection,Free Engine Check,"Free check-up, no credit",3.6,250,30,0,In-store,27,Public price list,Medium
2026-01,COMP-E,Competitor E,Regional independent garages,East,Free add-on,Free Car Wash,Free basic wash,3.5,240,30,0,In-store,27,Public price list,Medium
2026-01,COMP-E,Competitor E,Regional independent garages,West,Percentage service discount,10% Service Discount,12% off labour charges,13.3,920,30,0,In-store,32,Public price list,Medium
2026-01,COMP-E,Competitor E,Regional independent garages,West,Free inspection,Free Engine Check,"Free check-up, no credit",4.5,310,30,0,In-store,34,Public price list,Medium
2026-01,COMP-E,Competitor E,Regional independent garages,West,Free add-on,Free Car Wash,Free basic wash,4.6,320,30,0,In-store,29,Public price list,Medium
2026-01,COMP-E,Competitor E,Regional independent garages,Central,Percentage service discount,10% Service Discount,12% off labour charges,10.9,750,30,0,In-store,29,Public price list,Medium
2026-01,COMP-E,Competitor E,Regional independent garages,Central,Free inspection,Free Engine Check,"Free check-up, no credit",4.1,280,30,0,In-store,32,Public price list,Medium
2026-01,COMP-E,Competitor E,Regional independent garages,Central,Free add-on,Free Car Wash,Free basic wash,4.2,290,30,0,In-store,28,Public price list,Medium
2026-02,COMP-A,Competitor A,National multi-brand chain,North,Percentage service discount,10% Service Discount,15% off periodic service,16.3,1130,30,0,In-store,29,Public price list,High
2026-02,COMP-A,Competitor A,National multi-brand chain,North,Fixed-value voucher,₹500 Discount Voucher,"₹750 voucher on next service, 90-day validity",11.6,800,90,0,In-store,29,Public price list,High
2026-02,COMP-A,Competitor A,National multi-brand chain,North,Free inspection,Free Engine Check,Free 30-point check with ₹500 repair credit,6.9,480,30,500,In-store,31,Public price list,High
2026-02,COMP-A,Competitor A,National multi-brand chain,North,Service bundle,Service + Car Wash Bundle,Service + wash + interior clean bundle,15.1,1050,30,0,In-store,28,Public price list,High
2026-02,COMP-A,Competitor A,National multi-brand chain,South,Percentage service discount,10% Service Discount,15% off periodic service,18.2,1260,30,0,In-store,32,Public price list,High
2026-02,COMP-A,Competitor A,National multi-brand chain,South,Fixed-value voucher,₹500 Discount Voucher,"₹750 voucher on next service, 90-day validity",12.2,840,90,0,In-store,30,Public price list,High
2026-02,COMP-A,Competitor A,National multi-brand chain,South,Free inspection,Free Engine Check,Free 30-point check with ₹500 repair credit,7.1,490,30,500,In-store,34,Public price list,High
2026-02,COMP-A,Competitor A,National multi-brand chain,South,Service bundle,Service + Car Wash Bundle,Service + wash + interior clean bundle,17.4,1200,30,0,In-store,32,Public price list,High
2026-02,COMP-A,Competitor A,National multi-brand chain,East,Percentage service discount,10% Service Discount,15% off periodic service,10.4,720,30,0,In-store,25,Public price list,High
2026-02,COMP-A,Competitor A,National multi-brand chain,East,Fixed-value voucher,₹500 Discount Voucher,"₹750 voucher on next service, 90-day validity",9.1,630,90,0,In-store,25,Public price list,High
2026-02,COMP-A,Competitor A,National multi-brand chain,East,Free inspection,Free Engine Check,Free 30-point check with ₹500 repair credit,5.6,390,30,500,In-store,27,Public price list,High
2026-02,COMP-A,Competitor A,National multi-brand chain,East,Service bundle,Service + Car Wash Bundle,Service + wash + interior clean bundle,9.9,680,30,0,In-store,26,Public price list,High
2026-02,COMP-A,Competitor A,National multi-brand chain,West,Percentage service discount,10% Service Discount,15% off periodic service,17.2,1190,30,0,In-store,31,Public price list,High
2026-02,COMP-A,Competitor A,National multi-brand chain,West,Fixed-value voucher,₹500 Discount Voucher,"₹750 voucher on next service, 90-day validity",11.3,780,90,0,In-store,29,Public price list,High
2026-02,COMP-A,Competitor A,National multi-brand chain,West,Free inspection,Free Engine Check,Free 30-point check with ₹500 repair credit,7.2,500,30,500,In-store,32,Public price list,High
2026-02,COMP-A,Competitor A,National multi-brand chain,West,Service bundle,Service + Car Wash Bundle,Service + wash + interior clean bundle,16.4,1130,30,0,In-store,31,Public price list,High
2026-02,COMP-A,Competitor A,National multi-brand chain,Central,Percentage service discount,10% Service Discount,15% off periodic service,13.9,960,30,0,In-store,29,Public price list,High
2026-02,COMP-A,Competitor A,National multi-brand chain,Central,Fixed-value voucher,₹500 Discount Voucher,"₹750 voucher on next service, 90-day validity",11,760,90,0,In-store,29,Public price list,High
2026-02,COMP-A,Competitor A,National multi-brand chain,Central,Free inspection,Free Engine Check,Free 30-point check with ₹500 repair credit,6.4,440,30,500,In-store,32,Public price list,High
2026-02,COMP-A,Competitor A,National multi-brand chain,Central,Service bundle,Service + Car Wash Bundle,Service + wash + interior clean bundle,14,960,30,0,In-store,30,Public price list,High
2026-02,COMP-B,Competitor B,OEM-authorised network,North,Percentage service discount,10% Service Discount,8% off for out-of-warranty cars,8.2,570,30,0,In-store,30,Mystery shopper,Medium
2026-02,COMP-B,Competitor B,OEM-authorised network,North,Free add-on,Free Car Wash,Free wash with any paid service,5.4,370,30,0,In-store,31,Mystery shopper,Medium
2026-02,COMP-B,Competitor B,OEM-authorised network,North,Free inspection,Free Engine Check,Free health check + ₹500 repair credit,7.8,540,30,500,In-store,29,Mystery shopper,Medium
2026-02,COMP-B,Competitor B,OEM-authorised network,North,Service bundle,Service + Car Wash Bundle,Annual maintenance plan,9.4,650,365,0,In-store,34,Mystery shopper,Medium
2026-02,COMP-B,Competitor B,OEM-authorised network,South,Percentage service discount,10% Service Discount,8% off for out-of-warranty cars,10.3,710,30,0,In-store,33,Mystery shopper,Medium
2026-02,COMP-B,Competitor B,OEM-authorised network,South,Free add-on,Free Car Wash,Free wash with any paid service,5.8,400,30,0,In-store,35,Mystery shopper,Medium
2026-02,COMP-B,Competitor B,OEM-authorised network,South,Free inspection,Free Engine Check,Free health check + ₹500 repair credit,8,550,30,500,In-store,33,Mystery shopper,Medium
2026-02,COMP-B,Competitor B,OEM-authorised network,South,Service bundle,Service + Car Wash Bundle,Annual maintenance plan,11.7,810,365,0,In-store,30,Mystery shopper,Medium
2026-02,COMP-B,Competitor B,OEM-authorised network,East,Percentage service discount,10% Service Discount,8% off for out-of-warranty cars,5.5,380,30,0,In-store,27,Mystery shopper,Medium
2026-02,COMP-B,Competitor B,OEM-authorised network,East,Free add-on,Free Car Wash,Free wash with any paid service,4.3,300,30,0,In-store,25,Mystery shopper,Medium
2026-02,COMP-B,Competitor B,OEM-authorised network,East,Free inspection,Free Engine Check,Free health check + ₹500 repair credit,6.2,430,30,500,In-store,25,Mystery shopper,Medium
2026-02,COMP-B,Competitor B,OEM-authorised network,East,Service bundle,Service + Car Wash Bundle,Annual maintenance plan,6.4,440,365,0,In-store,27,Mystery shopper,Medium
2026-02,COMP-B,Competitor B,OEM-authorised network,West,Percentage service discount,10% Service Discount,8% off for out-of-warranty cars,9.2,640,30,0,In-store,32,Mystery shopper,Medium
2026-02,COMP-B,Competitor B,OEM-authorised network,West,Free add-on,Free Car Wash,Free wash with any paid service,5.6,390,30,0,In-store,31,Mystery shopper,Medium
2026-02,COMP-B,Competitor B,OEM-authorised network,West,Free inspection,Free Engine Check,Free health check + ₹500 repair credit,7.5,520,30,500,In-store,31,Mystery shopper,Medium
2026-02,COMP-B,Competitor B,OEM-authorised network,West,Service bundle,Service + Car Wash Bundle,Annual maintenance plan,10,690,365,0,In-store,34,Mystery shopper,Medium
2026-02,COMP-B,Competitor B,OEM-authorised network,Central,Percentage service discount,10% Service Discount,8% off for out-of-warranty cars,7.9,550,30,0,In-store,30,Mystery shopper,Medium
2026-02,COMP-B,Competitor B,OEM-authorised network,Central,Free add-on,Free Car Wash,Free wash with any paid service,4.8,330,30,0,In-store,30,Mystery shopper,Medium
2026-02,COMP-B,Competitor B,OEM-authorised network,Central,Free inspection,Free Engine Check,Free health check + ₹500 repair credit,6.9,480,30,500,In-store,31,Mystery shopper,Medium
2026-02,COMP-B,Competitor B,OEM-authorised network,Central,Service bundle,Service + Car Wash Bundle,Annual maintenance plan,8.2,570,365,0,In-store,29,Mystery shopper,Medium
2026-02,COMP-C,Competitor C,App-based service aggregator,North,Percentage service discount,10% Service Discount,First-booking 20% off in app,22.5,1560,30,0,App,31,App listing,High
2026-02,COMP-C,Competitor C,App-based service aggregator,North,Fixed-value voucher,₹500 Discount Voucher,"₹1,000 app wallet credit, 120-day validity",15.3,1060,120,0,App,30,App listing,High
2026-02,COMP-C,Competitor C,App-based service aggregator,North,Service bundle,Service + Car Wash Bundle,Service + wash combo at app-only price,17.5,1210,30,0,App,31,App listing,High
2026-02,COMP-C,Competitor C,App-based service aggregator,South,Percentage service discount,10% Service Discount,First-booking 20% off in app,24.4,1680,30,0,App,32,App listing,High
2026-02,COMP-C,Competitor C,App-based service aggregator,South,Fixed-value voucher,₹500 Discount Voucher,"₹1,000 app wallet credit, 120-day validity",15.9,1100,120,0,App,30,App listing,High
2026-02,COMP-C,Competitor C,App-based service aggregator,South,Service bundle,Service + Car Wash Bundle,Service + wash combo at app-only price,20.8,1440,30,0,App,34,App listing,High
2026-02,COMP-C,Competitor C,App-based service aggregator,West,Percentage service discount,10% Service Discount,First-booking 20% off in app,24,1660,30,0,App,32,App listing,High
2026-02,COMP-C,Competitor C,App-based service aggregator,West,Fixed-value voucher,₹500 Discount Voucher,"₹1,000 app wallet credit, 120-day validity",15.5,1070,120,0,App,33,App listing,High
2026-02,COMP-C,Competitor C,App-based service aggregator,West,Service bundle,Service + Car Wash Bundle,Service + wash combo at app-only price,17.9,1240,30,0,App,30,App listing,High
2026-02,COMP-D,Competitor D,Express service chain,South,Percentage service discount,10% Service Discount,12% off express service,15.5,1070,30,0,In-store,31,Mystery shopper,Medium
2026-02,COMP-D,Competitor D,Express service chain,South,Free add-on,Free Car Wash,Free wash with express service,5.6,390,30,0,In-store,31,Mystery shopper,Medium
2026-02,COMP-D,Competitor D,Express service chain,South,Fixed-value voucher,₹500 Discount Voucher,"₹600 voucher, 60-day validity",10,690,60,0,In-store,32,Mystery shopper,Medium
2026-02,COMP-D,Competitor D,Express service chain,West,Percentage service discount,10% Service Discount,12% off express service,13.3,920,30,0,In-store,34,Mystery shopper,Medium
2026-02,COMP-D,Competitor D,Express service chain,West,Free add-on,Free Car Wash,Free wash with express service,5.6,390,30,0,In-store,30,Mystery shopper,Medium
2026-02,COMP-D,Competitor D,Express service chain,West,Fixed-value voucher,₹500 Discount Voucher,"₹600 voucher, 60-day validity",9.1,630,60,0,In-store,32,Mystery shopper,Medium
2026-02,COMP-D,Competitor D,Express service chain,Central,Percentage service discount,10% Service Discount,12% off express service,11.7,810,30,0,In-store,27,Mystery shopper,Medium
2026-02,COMP-D,Competitor D,Express service chain,Central,Free add-on,Free Car Wash,Free wash with express service,5.1,350,30,0,In-store,32,Mystery shopper,Medium
2026-02,COMP-D,Competitor D,Express service chain,Central,Fixed-value voucher,₹500 Discount Voucher,"₹600 voucher, 60-day validity",8.7,600,60,0,In-store,29,Mystery shopper,Medium
2026-02,COMP-E,Competitor E,Regional independent garages,North,Percentage service discount,10% Service Discount,12% off labour charges,13.1,900,30,0,In-store,33,Public price list,Medium
2026-02,COMP-E,Competitor E,Regional independent garages,North,Free inspection,Free Engine Check,"Free check-up, no credit",4.5,310,30,0,In-store,32,Public price list,Medium
2026-02,COMP-E,Competitor E,Regional independent garages,North,Free add-on,Free Car Wash,Free basic wash,4.5,310,30,0,In-store,31,Public price list,Medium
2026-02,COMP-E,Competitor E,Regional independent garages,South,Percentage service discount,10% Service Discount,12% off labour charges,14.7,1020,30,0,In-store,32,Public price list,Medium
2026-02,COMP-E,Competitor E,Regional independent garages,South,Free inspection,Free Engine Check,"Free check-up, no credit",5.1,350,30,0,In-store,34,Public price list,Medium
2026-02,COMP-E,Competitor E,Regional independent garages,South,Free add-on,Free Car Wash,Free basic wash,5.1,350,30,0,In-store,32,Public price list,Medium
2026-02,COMP-E,Competitor E,Regional independent garages,East,Percentage service discount,10% Service Discount,12% off labour charges,8.5,590,30,0,In-store,23,Public price list,Medium
2026-02,COMP-E,Competitor E,Regional independent garages,East,Free inspection,Free Engine Check,"Free check-up, no credit",3.6,250,30,0,In-store,26,Public price list,Medium
2026-02,COMP-E,Competitor E,Regional independent garages,East,Free add-on,Free Car Wash,Free basic wash,3.8,260,30,0,In-store,25,Public price list,Medium
2026-02,COMP-E,Competitor E,Regional independent garages,West,Percentage service discount,10% Service Discount,12% off labour charges,13.2,920,30,0,In-store,34,Public price list,Medium
2026-02,COMP-E,Competitor E,Regional independent garages,West,Free inspection,Free Engine Check,"Free check-up, no credit",4.5,310,30,0,In-store,32,Public price list,Medium
2026-02,COMP-E,Competitor E,Regional independent garages,West,Free add-on,Free Car Wash,Free basic wash,4.5,310,30,0,In-store,29,Public price list,Medium
2026-02,COMP-E,Competitor E,Regional independent garages,Central,Percentage service discount,10% Service Discount,12% off labour charges,11.3,780,30,0,In-store,27,Public price list,Medium
2026-02,COMP-E,Competitor E,Regional independent garages,Central,Free inspection,Free Engine Check,"Free check-up, no credit",4.3,300,30,0,In-store,29,Public price list,Medium
2026-02,COMP-E,Competitor E,Regional independent garages,Central,Free add-on,Free Car Wash,Free basic wash,4.1,280,30,0,In-store,30,Public price list,Medium
2026-03,COMP-A,Competitor A,National multi-brand chain,North,Percentage service discount,10% Service Discount,15% off periodic service,16.5,1140,30,0,In-store,29,Public price list,High
2026-03,COMP-A,Competitor A,National multi-brand chain,North,Fixed-value voucher,₹500 Discount Voucher,"₹750 voucher on next service, 90-day validity",11.1,770,90,0,In-store,30,Public price list,High
2026-03,COMP-A,Competitor A,National multi-brand chain,North,Free inspection,Free Engine Check,Free 30-point check with ₹500 repair credit,6.7,460,30,500,In-store,33,Public price list,High
2026-03,COMP-A,Competitor A,National multi-brand chain,North,Service bundle,Service + Car Wash Bundle,Service + wash + interior clean bundle,15.2,1050,30,0,In-store,30,Public price list,High
2026-03,COMP-A,Competitor A,National multi-brand chain,South,Percentage service discount,10% Service Discount,15% off periodic service,19.3,1340,30,0,In-store,32,Public price list,High
2026-03,COMP-A,Competitor A,National multi-brand chain,South,Fixed-value voucher,₹500 Discount Voucher,"₹750 voucher on next service, 90-day validity",12.2,840,90,0,In-store,35,Public price list,High
2026-03,COMP-A,Competitor A,National multi-brand chain,South,Free inspection,Free Engine Check,Free 30-point check with ₹500 repair credit,7.4,510,30,500,In-store,31,Public price list,High
2026-03,COMP-A,Competitor A,National multi-brand chain,South,Service bundle,Service + Car Wash Bundle,Service + wash + interior clean bundle,18.7,1290,30,0,In-store,34,Public price list,High
2026-03,COMP-A,Competitor A,National multi-brand chain,East,Percentage service discount,10% Service Discount,15% off periodic service,10.7,740,30,0,In-store,27,Public price list,High
2026-03,COMP-A,Competitor A,National multi-brand chain,East,Fixed-value voucher,₹500 Discount Voucher,"₹750 voucher on next service, 90-day validity",9,620,90,0,In-store,25,Public price list,High
2026-03,COMP-A,Competitor A,National multi-brand chain,East,Free inspection,Free Engine Check,Free 30-point check with ₹500 repair credit,5.5,380,30,500,In-store,25,Public price list,High
2026-03,COMP-A,Competitor A,National multi-brand chain,East,Service bundle,Service + Car Wash Bundle,Service + wash + interior clean bundle,9.4,650,30,0,In-store,25,Public price list,High
2026-03,COMP-A,Competitor A,National multi-brand chain,West,Percentage service discount,10% Service Discount,15% off periodic service,18.7,1290,30,0,In-store,32,Public price list,High
2026-03,COMP-A,Competitor A,National multi-brand chain,West,Fixed-value voucher,₹500 Discount Voucher,"₹750 voucher on next service, 90-day validity",11.6,800,90,0,In-store,29,Public price list,High
2026-03,COMP-A,Competitor A,National multi-brand chain,West,Free inspection,Free Engine Check,Free 30-point check with ₹500 repair credit,7.1,490,30,500,In-store,34,Public price list,High
2026-03,COMP-A,Competitor A,National multi-brand chain,West,Service bundle,Service + Car Wash Bundle,Service + wash + interior clean bundle,16.4,1130,30,0,In-store,34,Public price list,High
2026-03,COMP-A,Competitor A,National multi-brand chain,Central,Percentage service discount,10% Service Discount,15% off periodic service,14.3,990,30,0,In-store,27,Public price list,High
2026-03,COMP-A,Competitor A,National multi-brand chain,Central,Fixed-value voucher,₹500 Discount Voucher,"₹750 voucher on next service, 90-day validity",10.3,710,90,0,In-store,27,Public price list,High
2026-03,COMP-A,Competitor A,National multi-brand chain,Central,Free inspection,Free Engine Check,Free 30-point check with ₹500 repair credit,6.4,440,30,500,In-store,29,Public price list,High
2026-03,COMP-A,Competitor A,National multi-brand chain,Central,Service bundle,Service + Car Wash Bundle,Service + wash + interior clean bundle,13.6,940,30,0,In-store,32,Public price list,High
2026-03,COMP-B,Competitor B,OEM-authorised network,North,Percentage service discount,10% Service Discount,8% off for out-of-warranty cars,8.2,570,30,0,In-store,32,Mystery shopper,Medium
2026-03,COMP-B,Competitor B,OEM-authorised network,North,Free add-on,Free Car Wash,Free wash with any paid service,5.2,360,30,0,In-store,31,Mystery shopper,Medium
2026-03,COMP-B,Competitor B,OEM-authorised network,North,Free inspection,Free Engine Check,Free health check + ₹500 repair credit,7.4,510,30,500,In-store,29,Mystery shopper,Medium
2026-03,COMP-B,Competitor B,OEM-authorised network,North,Service bundle,Service + Car Wash Bundle,Annual maintenance plan,10.1,700,365,0,In-store,30,Mystery shopper,Medium
2026-03,COMP-B,Competitor B,OEM-authorised network,South,Percentage service discount,10% Service Discount,8% off for out-of-warranty cars,9.7,670,30,0,In-store,35,Mystery shopper,Medium
2026-03,COMP-B,Competitor B,OEM-authorised network,South,Free add-on,Free Car Wash,Free wash with any paid service,5.6,390,30,0,In-store,34,Mystery shopper,Medium
2026-03,COMP-B,Competitor B,OEM-authorised network,South,Free inspection,Free Engine Check,Free health check + ₹500 repair credit,8.4,580,30,500,In-store,35,Mystery shopper,Medium
2026-03,COMP-B,Competitor B,OEM-authorised network,South,Service bundle,Service + Car Wash Bundle,Annual maintenance plan,11.2,770,365,0,In-store,35,Mystery shopper,Medium
2026-03,COMP-B,Competitor B,OEM-authorised network,East,Percentage service discount,10% Service Discount,8% off for out-of-warranty cars,5.6,390,30,0,In-store,25,Mystery shopper,Medium
2026-03,COMP-B,Competitor B,OEM-authorised network,East,Free add-on,Free Car Wash,Free wash with any paid service,4.2,290,30,0,In-store,29,Mystery shopper,Medium
2026-03,COMP-B,Competitor B,OEM-authorised network,East,Free inspection,Free Engine Check,Free health check + ₹500 repair credit,5.9,410,30,500,In-store,25,Mystery shopper,Medium
2026-03,COMP-B,Competitor B,OEM-authorised network,East,Service bundle,Service + Car Wash Bundle,Annual maintenance plan,6,420,365,0,In-store,27,Mystery shopper,Medium
2026-03,COMP-B,Competitor B,OEM-authorised network,West,Percentage service discount,10% Service Discount,8% off for out-of-warranty cars,9.2,640,30,0,In-store,33,Mystery shopper,Medium
2026-03,COMP-B,Competitor B,OEM-authorised network,West,Free add-on,Free Car Wash,Free wash with any paid service,5.6,390,30,0,In-store,30,Mystery shopper,Medium
2026-03,COMP-B,Competitor B,OEM-authorised network,West,Free inspection,Free Engine Check,Free health check + ₹500 repair credit,7.5,520,30,500,In-store,31,Mystery shopper,Medium
2026-03,COMP-B,Competitor B,OEM-authorised network,West,Service bundle,Service + Car Wash Bundle,Annual maintenance plan,10.6,730,365,0,In-store,34,Mystery shopper,Medium
2026-03,COMP-B,Competitor B,OEM-authorised network,Central,Percentage service discount,10% Service Discount,8% off for out-of-warranty cars,7.5,520,30,0,In-store,29,Mystery shopper,Medium
2026-03,COMP-B,Competitor B,OEM-authorised network,Central,Free add-on,Free Car Wash,Free wash with any paid service,4.8,330,30,0,In-store,30,Mystery shopper,Medium
2026-03,COMP-B,Competitor B,OEM-authorised network,Central,Free inspection,Free Engine Check,Free health check + ₹500 repair credit,6.9,480,30,500,In-store,29,Mystery shopper,Medium
2026-03,COMP-B,Competitor B,OEM-authorised network,Central,Service bundle,Service + Car Wash Bundle,Annual maintenance plan,8.3,580,365,0,In-store,27,Mystery shopper,Medium
2026-03,COMP-C,Competitor C,App-based service aggregator,North,Percentage service discount,10% Service Discount,First-booking 20% off in app,22.6,1560,30,0,App,31,App listing,High
2026-03,COMP-C,Competitor C,App-based service aggregator,North,Fixed-value voucher,₹500 Discount Voucher,"₹1,000 app wallet credit, 120-day validity",14.5,1000,120,0,App,33,App listing,High
2026-03,COMP-C,Competitor C,App-based service aggregator,North,Service bundle,Service + Car Wash Bundle,Service + wash combo at app-only price,16.7,1150,30,0,App,31,App listing,High
2026-03,COMP-C,Competitor C,App-based service aggregator,South,Percentage service discount,10% Service Discount,First-booking 20% off in app,25.7,1780,30,0,App,33,App listing,High
2026-03,COMP-C,Competitor C,App-based service aggregator,South,Fixed-value voucher,₹500 Discount Voucher,"₹1,000 app wallet credit, 120-day validity",16.5,1140,120,0,App,31,App listing,High
2026-03,COMP-C,Competitor C,App-based service aggregator,South,Service bundle,Service + Car Wash Bundle,Service + wash combo at app-only price,21.3,1470,30,0,App,34,App listing,High
2026-03,COMP-C,Competitor C,App-based service aggregator,West,Percentage service discount,10% Service Discount,First-booking 20% off in app,24.8,1710,30,0,App,33,App listing,High
2026-03,COMP-C,Competitor C,App-based service aggregator,West,Fixed-value voucher,₹500 Discount Voucher,"₹1,000 app wallet credit, 120-day validity",16.1,1110,120,0,App,33,App listing,High
2026-03,COMP-C,Competitor C,App-based service aggregator,West,Service bundle,Service + Car Wash Bundle,Service + wash combo at app-only price,18.8,1300,30,0,App,35,App listing,High
2026-03,COMP-D,Competitor D,Express service chain,South,Percentage service discount,10% Service Discount,12% off express service,14.4,990,30,0,In-store,33,Mystery shopper,Medium
2026-03,COMP-D,Competitor D,Express service chain,South,Free add-on,Free Car Wash,Free wash with express service,5.5,380,30,0,In-store,31,Mystery shopper,Medium
2026-03,COMP-D,Competitor D,Express service chain,South,Fixed-value voucher,₹500 Discount Voucher,"₹600 voucher, 60-day validity",9.7,670,60,0,In-store,34,Mystery shopper,Medium
2026-03,COMP-D,Competitor D,Express service chain,West,Percentage service discount,10% Service Discount,12% off express service,14,970,30,0,In-store,33,Mystery shopper,Medium
2026-03,COMP-D,Competitor D,Express service chain,West,Free add-on,Free Car Wash,Free wash with express service,5.6,390,30,0,In-store,32,Mystery shopper,Medium
2026-03,COMP-D,Competitor D,Express service chain,West,Fixed-value voucher,₹500 Discount Voucher,"₹600 voucher, 60-day validity",9.6,660,60,0,In-store,34,Mystery shopper,Medium
2026-03,COMP-D,Competitor D,Express service chain,Central,Percentage service discount,10% Service Discount,12% off express service,11.6,800,30,0,In-store,32,Mystery shopper,Medium
2026-03,COMP-D,Competitor D,Express service chain,Central,Free add-on,Free Car Wash,Free wash with express service,4.9,340,30,0,In-store,31,Mystery shopper,Medium
2026-03,COMP-D,Competitor D,Express service chain,Central,Fixed-value voucher,₹500 Discount Voucher,"₹600 voucher, 60-day validity",8.8,610,60,0,In-store,31,Mystery shopper,Medium
2026-03,COMP-E,Competitor E,Regional independent garages,North,Percentage service discount,10% Service Discount,12% off labour charges,13.4,930,30,0,In-store,33,Public price list,Medium
2026-03,COMP-E,Competitor E,Regional independent garages,North,Free inspection,Free Engine Check,"Free check-up, no credit",4.6,320,30,0,In-store,28,Public price list,Medium
2026-03,COMP-E,Competitor E,Regional independent garages,North,Free add-on,Free Car Wash,Free basic wash,4.5,310,30,0,In-store,33,Public price list,Medium
2026-03,COMP-E,Competitor E,Regional independent garages,South,Percentage service discount,10% Service Discount,12% off labour charges,15.6,1080,30,0,In-store,32,Public price list,Medium
2026-03,COMP-E,Competitor E,Regional independent garages,South,Free inspection,Free Engine Check,"Free check-up, no credit",4.6,320,30,0,In-store,36,Public price list,Medium
2026-03,COMP-E,Competitor E,Regional independent garages,South,Free add-on,Free Car Wash,Free basic wash,4.8,330,30,0,In-store,35,Public price list,Medium
2026-03,COMP-E,Competitor E,Regional independent garages,East,Percentage service discount,10% Service Discount,12% off labour charges,8.4,580,30,0,In-store,27,Public price list,Medium
2026-03,COMP-E,Competitor E,Regional independent garages,East,Free inspection,Free Engine Check,"Free check-up, no credit",3.6,250,30,0,In-store,29,Public price list,Medium
2026-03,COMP-E,Competitor E,Regional independent garages,East,Free add-on,Free Car Wash,Free basic wash,3.8,260,30,0,In-store,28,Public price list,Medium
2026-03,COMP-E,Competitor E,Regional independent garages,West,Percentage service discount,10% Service Discount,12% off labour charges,14.3,990,30,0,In-store,34,Public price list,Medium
2026-03,COMP-E,Competitor E,Regional independent garages,West,Free inspection,Free Engine Check,"Free check-up, no credit",4.6,320,30,0,In-store,32,Public price list,Medium
2026-03,COMP-E,Competitor E,Regional independent garages,West,Free add-on,Free Car Wash,Free basic wash,4.6,320,30,0,In-store,32,Public price list,Medium
2026-03,COMP-E,Competitor E,Regional independent garages,Central,Percentage service discount,10% Service Discount,12% off labour charges,11.1,770,30,0,In-store,27,Public price list,Medium
2026-03,COMP-E,Competitor E,Regional independent garages,Central,Free inspection,Free Engine Check,"Free check-up, no credit",4.3,300,30,0,In-store,31,Public price list,Medium
2026-03,COMP-E,Competitor E,Regional independent garages,Central,Free add-on,Free Car Wash,Free basic wash,4.3,300,30,0,In-store,29,Public price list,Medium
